470074190041,Rohit,03-19-1954,703V8568G9,837205,41860,Self,2
868986767787,Akshaya,02-19-1967,218Y5895E1,410882,20544,Family,9
533493298139,Anand,09-29-2002,237G6979Z8,950978,47549,Self,10
612268931441,Gokul,03-29-2007,242T5976R9,756174,37809,Self,19
250034698634,Deva,05-15-1972,610F1920B8,866572,43329,Self,17
651013394708,Ashok,03-28-1990,446W9483H4,96204,4810,Self,12
439713991377,Keerthana,01-22-1975,605C8107S8,485530,24277,Family,1
858255012784,Priya,02-08-1986,392P2386C9,345179,17259,Family,6
675967910156,NaveenKumar,08-22-1988,453N3654H5,492855,24643,Self,20
960779274989,SriDevi,12-11-1990,728Z6539C8,305004,15250,Self,16
403128210142,Himanshu,02-06-1959,960A7066T7,791237,39562,Family,4
786349980827,Murugan,08-21-1968,279Z2399M3,933370,46669,Family,14
807566495727,Dhanush,12-27-1983,568W3863U5,76085,3804,Self,13
309268941821,Guhen,01-05-1992,985X4838P9,615641,30782,Self,15
659522781503,Mitchell,05-30-2017,765G7959P1,923126,46156,Family,18
916081327781,Matthew,11-27-1950,696M7564S2,289397,14470,Family,3
172666093381,Andrew,12-10-1998,122P8505N2,970667,48533,Self,11
499601868299,VeeraSekar,03-28-1963,277K5500F8,230156,11508,Self,8
397748260172,Roshan,08-03-1982,562F7287G6,452617,22631,Family,5
532313057788,Harris,08-07-2014,280K4843P9,293709,14685,Family,7
